filename,rule_of_thirds,leading_lines,framing,symmetry,patterns,golden_ratio,layers,negative_space,fill_the_frame
0001.jpg,0,0,0,0,0,0,0,1,0
0002.jpg,1,0,0,0,1,0,0,1,0
0003.jpg,1,0,0,0,0,0,1,0,0
0004.jpg,1,0,0,0,0,0,1,0,0
0005.jpg,1,0,0,0,0,0,0,1,0
0006.jpg,1,0,0,0,0,0,1,0,0
0007.jpg,0,0,0,1,0,0,0,0,0
0008.jpg,1,0,0,0,0,0,0,0,0
0009.jpg,1,0,0,0,0,0,1,1,0
0010.jpg,1,0,0,0,0,0,0,0,0
0011.jpg,1,0,0,0,1,0,0,0,0
0012.jpg,1,0,0,0,0,0,0,0,0
0013.jpg,1,0,0,0,0,0,0,1,0
0014.jpg,0,0,0,1,0,0,1,1,0
0015.jpg,1,0,0,0,0,0,0,1,0
0016.jpg,1,0,0,0,0,0,0,0,0
0017.jpg,1,0,0,0,0,0,0,1,0
0018.jpg,1,0,0,0,0,0,1,1,0
0019.jpg,0,0,0,0,0,0,0,0,0
0020.jpg,1,0,0,0,0,0,0,0,0
0021.jpg,1,0,1,0,0,0,0,0,0
0022.jpg,0,1,0,0,0,0,0,0,0
0023.jpg,0,0,1,0,0,0,0,0,0
0024.jpg,1,0,0,0,0,0,0,0,0
0025.jpg,1,1,0,0,0,0,0,1,0
0026.jpg,1,1,0,0,0,0,0,0,0
0027.jpg,1,0,0,0,0,0,0,0,0
0028.jpg,1,0,0,0,0,0,0,0,0
0029.jpg,0,0,0,0,0,0,1,0,0
0030.jpg,1,0,1,0,0,0,0,1,0
0031.jpg,0,0,0,0,0,0,0,1,0
0032.jpg,0,0,0,0,0,0,1,0,0
0033.jpg,1,0,0,0,0,0,0,0,0
0034.jpg,1,0,0,0,0,0,0,0,0
0035.jpg,1,0,0,0,0,0,0,1,0
0036.jpg,0,0,0,0,0,0,1,1,0
0037.jpg,0,0,0,0,0,0,0,1,0
0038.jpg,0,0,0,0,0,0,1,1,0
0039.jpg,1,0,0,0,0,0,1,0,0
0040.jpg,0,0,0,0,0,0,1,0,0
0041.jpg,1,0,0,0,0,0,0,1,0
0042.jpg,1,0,0,0,0,0,0,0,0
0043.jpg,1,0,0,0,0,0,0,0,0
0044.jpg,1,1,0,0,0,0,0,0,0
0045.jpg,1,0,0,0,0,0,0,0,0
0046.jpg,1,0,1,0,0,0,0,0,0
0047.jpg,0,1,0,0,0,0,0,0,0
0048.jpg,0,1,0,1,1,0,0,0,0
0049.jpg,0,0,1,0,0,0,0,1,0
0050.jpg,0,0,0,0,0,0,0,0,0
0051.jpg,0,0,0,0,1,0,0,1,0
0052.jpg,1,0,1,0,0,0,0,0,0
0053.jpg,1,0,0,0,0,0,0,0,0
0054.jpg,1,0,0,0,0,0,1,0,0
0055.jpg,0,1,0,0,0,0,0,0,0
0056.jpg,0,0,0,0,0,0,1,0,0
0057.jpg,1,1,0,0,0,0,0,0,0
0058.jpg,0,0,0,0,1,0,0,0,0
0059.jpg,1,0,0,0,1,0,0,0,0
0060.jpg,1,1,0,0,0,0,0,0,0
0061.jpg,1,0,0,0,0,0,0,0,0
0062.jpg,1,0,0,0,0,0,1,1,0
0063.jpg,1,0,0,0,0,0,0,0,0
0064.jpg,1,0,0,0,0,0,1,0,0
0065.jpg,0,0,1,0,0,0,0,0,0
0066.jpg,0,1,0,0,0,0,0,0,0
0067.jpg,1,0,0,0,0,0,0,0,0
0068.jpg,0,1,0,0,0,0,1,0,0
0069.jpg,1,0,0,0,0,0,0,0,0
0070.jpg,0,0,0,0,1,0,0,0,0
0071.jpg,0,0,0,0,0,0,0,1,0
0072.jpg,0,0,0,0,0,0,1,1,0
0073.jpg,0,0,0,0,0,0,0,0,0
0074.jpg,1,0,0,0,0,0,0,0,0
0075.jpg,1,0,0,0,0,0,1,0,0
0076.jpg,0,0,0,0,1,0,0,1,0
0077.jpg,0,0,0,0,0,0,0,0,0
0078.jpg,0,0,0,0,0,0,1,0,0
0079.jpg,0,1,0,0,0,0,0,0,0
0080.jpg,0,1,0,0,1,0,0,0,0
0081.jpg,1,0,0,0,0,0,0,0,0
0082.jpg,1,0,0,0,0,0,0,0,0
0083.jpg,1,1,0,0,0,0,0,1,0
0084.jpg,0,0,0,0,0,0,0,1,0
0085.jpg,0,0,0,0,1,0,0,0,0
0086.jpg,1,0,0,0,0,0,0,1,0
0087.jpg,0,0,1,0,0,0,0,0,0
0088.jpg,1,0,0,0,1,0,0,0,0
0089.jpg,0,0,0,0,0,0,0,1,0
0090.jpg,0,0,0,0,0,0,0,1,0
0091.jpg,0,0,0,0,0,0,1,0,0
0092.jpg,0,0,0,0,0,0,0,0,0
0093.jpg,0,0,1,0,0,0,0,0,0
0094.jpg,1,0,1,0,0,0,0,0,0
0095.jpg,1,0,0,0,0,0,0,1,0
0096.jpg,1,0,0,0,0,0,0,0,0
0097.jpg,1,0,0,0,0,0,0,1,0
0098.jpg,0,0,0,0,0,0,0,1,0
0099.jpg,1,0,0,0,0,0,0,1,0
0100.jpg,1,1,0,0,0,0,0,1,0
0101.jpg,0,1,1,0,0,0,0,0,0
0102.jpg,0,1,0,0,0,0,0,0,0
0103.jpg,0,1,0,0,0,0,0,0,0
0104.jpg,0,1,0,0,0,0,0,0,0
0105.jpg,0,1,1,0,0,0,0,0,0
0106.jpg,0,1,0,0,0,0,0,0,0
0107.jpg,0,1,0,0,0,0,0,0,0
0108.jpg,0,1,0,0,0,0,0,0,0
0109.jpg,0,1,0,0,0,0,1,0,0
0110.jpg,0,1,1,0,0,0,0,0,0
0111.jpg,0,1,1,0,0,0,0,0,0
0112.jpg,0,1,0,0,0,0,0,0,0
0113.jpg,0,1,0,0,0,0,0,0,0
0114.jpg,0,1,0,0,0,0,0,0,0
0115.jpg,0,1,0,0,0,0,0,0,0
0116.jpg,0,1,0,0,1,0,0,0,0
0117.jpg,0,1,0,0,0,0,0,0,0
0118.jpg,0,1,1,0,0,0,0,0,0
0119.jpg,0,1,0,1,0,0,0,0,0
0120.jpg,0,1,0,0,0,0,0,0,0
0121.jpg,0,1,1,0,0,0,0,0,0
0122.jpg,0,1,0,0,0,0,0,1,0
0123.jpg,0,1,0,0,0,0,0,0,0
0124.jpg,0,1,1,0,0,0,0,1,0
0125.jpg,0,1,0,0,0,0,0,0,0
0126.jpg,0,0,0,0,1,0,0,0,0
0127.jpg,1,1,0,0,0,0,0,0,0
0128.jpg,0,1,0,0,0,0,0,0,0
0129.jpg,0,1,0,0,1,0,0,0,0
0130.jpg,0,1,1,0,0,0,0,0,0
0131.jpg,1,1,0,0,0,0,1,0,0
0132.jpg,0,1,0,1,0,0,0,0,0
0133.jpg,0,1,0,0,0,0,0,0,0
0134.jpg,1,1,0,0,0,0,0,0,0
0135.jpg,0,1,0,0,0,0,0,0,0
0136.jpg,0,1,0,0,0,0,0,0,0
0137.jpg,0,1,0,0,1,0,0,0,0
0138.jpg,0,1,0,0,0,0,0,0,0
0139.jpg,0,1,0,0,0,0,0,0,0
0140.jpg,0,1,0,0,0,0,0,0,0
0141.jpg,0,1,0,0,0,0,0,0,0
0142.jpg,0,1,0,0,0,0,0,0,0
0143.jpg,0,1,0,0,0,0,0,0,0
0144.jpg,0,1,0,0,0,0,0,0,0
0145.jpg,0,1,1,0,0,0,0,0,0
0146.jpg,0,1,0,0,0,0,0,0,0
0147.jpg,0,1,0,0,0,0,0,0,0
0148.jpg,0,1,0,0,0,0,0,0,0
0149.jpg,0,1,0,0,0,0,0,0,0
0150.jpg,0,1,0,0,0,0,0,0,0
0151.jpg,0,1,0,0,0,0,0,0,0
0152.jpg,0,1,0,0,0,0,0,0,0
0153.jpg,0,1,0,0,0,0,0,0,0
0154.jpg,0,1,0,0,0,0,0,0,0
0155.jpg,0,1,0,0,0,0,0,1,0
0156.jpg,0,1,0,0,0,0,0,0,0
0157.jpg,0,1,0,0,0,0,0,0,0
0158.jpg,0,1,0,0,0,0,1,0,0
0159.jpg,0,1,0,0,0,0,0,0,0
0160.jpg,0,1,0,0,1,0,0,0,0
0161.jpg,0,1,0,0,0,0,0,0,0
0162.jpg,0,1,0,0,1,0,0,0,0
0163.jpg,0,0,0,0,0,0,0,0,0
0164.jpg,0,0,1,0,0,0,0,0,0
0165.jpg,0,1,0,0,0,0,0,0,0
0166.jpg,0,1,0,0,0,0,0,0,0
0167.jpg,0,1,0,0,0,0,0,0,0
0168.jpg,0,1,1,0,0,0,0,0,0
0169.jpg,0,1,0,0,0,0,0,0,0
0170.jpg,0,1,0,1,0,0,0,0,0
0171.jpg,0,1,0,0,0,0,0,0,0
0172.jpg,0,1,0,0,0,0,0,0,0
0173.jpg,0,1,0,0,0,0,0,0,0
0174.jpg,0,1,0,0,0,0,0,0,0
0175.jpg,0,1,0,0,0,0,0,0,0
0176.jpg,0,1,0,0,0,0,0,0,0
0177.jpg,0,1,0,1,0,0,0,0,0
0178.jpg,0,1,0,0,0,0,0,0,0
0179.jpg,0,1,0,0,0,0,0,0,0
0180.jpg,0,1,0,0,0,0,0,0,0
0181.jpg,0,1,1,0,0,0,0,0,0
0182.jpg,0,1,0,0,0,0,0,0,0
0183.jpg,0,1,0,0,1,0,0,0,0
0184.jpg,0,1,0,0,0,0,0,0,0
0185.jpg,0,1,0,0,0,0,0,0,0
0186.jpg,1,1,1,0,0,0,0,0,0
0187.jpg,0,1,0,0,0,0,0,0,0
0188.jpg,0,1,0,0,0,0,0,0,0
0189.jpg,0,1,0,0,1,0,0,0,0
0190.jpg,0,1,1,0,0,0,0,0,0
0191.jpg,1,1,0,0,0,0,0,0,0
0192.jpg,0,1,0,0,0,0,0,0,0
0193.jpg,0,1,0,0,0,0,1,0,0
0194.jpg,0,1,1,0,0,0,0,0,0
0195.jpg,0,1,1,0,0,0,0,0,0
0196.jpg,0,1,0,0,0,0,0,1,0
0197.jpg,0,1,1,0,0,0,0,0,0
0198.jpg,0,1,0,0,0,0,0,0,0
0199.jpg,0,1,0,0,0,0,0,0,0
0200.jpg,0,1,0,0,0,0,0,0,0
0201.jpg,0,0,1,0,0,0,0,0,0
0202.jpg,0,0,1,0,0,0,0,0,0
0203.jpg,0,0,1,0,0,0,0,0,0
0204.jpg,0,1,1,0,0,0,0,0,0
0205.jpg,0,0,1,0,0,0,0,0,0
0206.jpg,0,0,1,0,0,0,0,0,0
0207.jpg,0,1,1,0,0,0,0,0,0
0208.jpg,0,0,1,0,0,0,0,0,0
0209.jpg,0,0,1,0,0,0,0,0,0
0210.jpg,0,0,1,0,0,0,0,0,0
0211.jpg,0,0,1,0,0,0,0,0,0
0212.jpg,0,0,1,0,0,0,0,0,0
0213.jpg,0,1,1,0,0,0,0,0,0
0214.jpg,0,1,1,0,0,0,0,0,0
0215.jpg,0,0,1,0,0,0,0,0,0
0216.jpg,0,0,1,0,0,0,0,0,0
0217.jpg,0,1,1,0,0,0,0,0,0
0218.jpg,1,0,1,0,0,0,0,0,0
0219.jpg,0,0,1,0,0,0,0,0,0
0220.jpg,0,0,1,0,0,0,0,0,0
0221.jpg,0,0,1,0,0,0,0,0,0
0222.jpg,0,0,1,0,0,0,0,0,0
0223.jpg,0,1,1,0,0,0,0,0,0
0224.jpg,0,1,1,0,0,0,0,0,0
0225.jpg,0,0,1,0,0,0,0,0,0
0226.jpg,0,0,1,0,0,0,0,0,0
0227.jpg,0,0,1,0,0,0,0,0,0
0228.jpg,0,0,1,0,0,0,0,0,0
0229.jpg,0,1,1,0,0,0,0,0,0
0230.jpg,0,0,1,0,0,0,0,0,0
0231.jpg,0,0,1,0,0,0,0,0,0
0232.jpg,0,0,1,0,1,0,0,0,0
0233.jpg,0,0,1,0,0,0,0,0,0
0234.jpg,0,0,1,0,0,0,0,0,0
0235.jpg,0,0,1,0,0,0,0,0,0
0236.jpg,0,0,1,0,0,0,0,0,0
0237.jpg,0,1,1,0,0,0,0,0,0
0238.jpg,0,0,1,0,0,0,0,0,0
0239.jpg,0,0,1,0,0,0,0,0,0
0240.jpg,0,0,1,0,0,0,0,0,0
0241.jpg,0,1,1,0,0,0,0,0,0
0242.jpg,0,1,1,0,0,0,0,0,0
0243.jpg,0,0,1,0,0,0,1,0,0
0244.jpg,0,0,1,0,0,0,0,0,0
0245.jpg,1,1,1,0,0,0,0,0,0
0246.jpg,0,1,1,0,0,0,0,0,0
0247.jpg,0,0,1,0,0,0,0,0,0
0248.jpg,0,0,1,0,0,0,0,0,0
0249.jpg,0,0,1,0,0,0,0,0,0
0250.jpg,0,0,1,0,0,0,0,0,0
0251.jpg,0,0,1,0,0,0,0,0,0
0252.jpg,0,0,1,0,0,0,0,0,0
0253.jpg,0,0,1,0,0,0,1,0,0
0254.jpg,0,0,1,0,0,0,0,0,0
0255.jpg,0,0,1,0,0,0,0,0,0
0256.jpg,0,0,1,0,0,0,0,0,0
0257.jpg,0,0,1,0,0,0,0,0,0
0258.jpg,0,1,1,0,0,0,0,0,0
0259.jpg,0,0,1,0,0,0,1,0,0
0260.jpg,0,0,1,0,0,0,0,0,0
0261.jpg,0,0,1,0,0,0,1,0,0
0262.jpg,0,0,1,0,0,0,0,0,0
0263.jpg,0,0,1,0,0,0,0,0,0
0264.jpg,0,0,1,0,0,0,0,0,0
0265.jpg,0,1,1,0,0,0,0,0,0
0266.jpg,0,0,1,0,0,0,0,0,0
0267.jpg,0,0,1,0,0,0,1,0,0
0268.jpg,0,0,1,0,0,0,0,0,0
0269.jpg,0,0,1,0,0,0,0,0,0
0270.jpg,0,0,1,0,0,0,0,0,0
0271.jpg,0,0,1,0,1,0,0,0,0
0272.jpg,0,1,1,0,0,0,0,0,0
0273.jpg,0,1,1,0,0,0,0,0,0
0274.jpg,0,1,1,0,0,0,0,0,0
0275.jpg,0,0,1,0,0,0,0,0,0
0276.jpg,0,1,1,0,0,0,0,0,0
0277.jpg,0,0,1,0,0,0,1,0,0
0278.jpg,0,0,1,0,0,0,0,0,0
0279.jpg,0,0,1,0,0,0,0,0,0
0280.jpg,0,0,1,0,0,0,0,0,0
0281.jpg,0,1,1,0,0,0,0,0,0
0282.jpg,0,0,1,0,0,0,0,0,0
0283.jpg,0,1,1,0,0,0,0,0,0
0284.jpg,0,0,1,0,0,0,0,0,0
0285.jpg,0,0,1,0,0,0,0,0,0
0286.jpg,0,0,1,0,0,0,0,0,0
0287.jpg,0,0,1,0,0,0,0,0,0
0288.jpg,0,0,1,0,0,0,0,0,0
0289.jpg,0,1,1,0,0,0,0,0,0
0290.jpg,0,0,1,0,0,0,0,0,0
0291.jpg,0,0,1,0,0,0,0,0,0
0292.jpg,0,0,1,0,0,0,0,0,0
0293.jpg,0,0,1,0,0,0,0,0,0
0294.jpg,0,1,1,0,0,0,0,0,0
0295.jpg,0,0,1,0,0,0,0,0,0
0296.jpg,0,0,1,0,0,0,0,0,0
0297.jpg,0,0,1,0,0,0,0,0,0
0298.jpg,0,0,1,0,0,0,0,0,0
0299.jpg,1,0,1,0,0,0,1,0,0
0300.jpg,0,0,1,0,0,0,0,0,0
0301.jpg,0,0,1,0,0,0,0,0,0
0302.jpg,0,0,0,0,0,0,0,0,0
0303.jpg,1,0,1,0,0,0,0,0,0
0304.jpg,0,1,0,0,0,0,0,0,0
0305.jpg,0,0,1,0,0,0,0,0,0
0306.jpg,0,1,1,0,0,0,0,0,0
0307.jpg,0,1,0,0,1,0,0,0,0
0308.jpg,0,1,0,0,1,0,0,1,0
0309.jpg,0,1,0,0,1,0,0,0,0
0310.jpg,0,0,0,0,1,0,0,0,0
0311.jpg,0,1,0,0,1,0,0,0,0
0312.jpg,0,1,0,0,0,0,0,0,0
0313.jpg,0,0,1,0,0,0,1,0,0
0314.jpg,0,0,0,0,0,0,0,0,0
0315.jpg,0,0,0,0,0,0,0,1,0
0316.jpg,0,1,1,0,0,0,0,0,0
0317.jpg,0,1,0,0,0,0,0,0,0
0318.jpg,0,1,1,0,0,0,0,0,0
0319.jpg,0,0,0,0,0,0,0,0,0
0320.jpg,0,0,0,0,1,0,0,0,0
0321.jpg,0,0,0,0,0,0,1,0,0
0322.jpg,0,0,0,0,0,0,0,0,0
0323.jpg,0,1,0,0,1,0,0,0,0
0324.jpg,0,0,0,0,0,0,0,0,0
0325.jpg,0,0,0,0,0,0,0,0,0
0326.jpg,0,0,0,0,0,0,0,0,0
0327.jpg,1,0,0,0,0,0,0,0,0
0328.jpg,0,0,0,0,0,0,0,0,0
0329.jpg,0,0,1,0,0,0,0,0,0
0330.jpg,1,0,0,0,0,0,0,0,0
0331.jpg,1,0,0,0,0,0,0,1,0
0332.jpg,0,1,0,0,1,0,0,0,0
0333.jpg,0,0,0,0,0,0,0,0,0
0334.jpg,0,1,0,0,0,0,0,0,0
0335.jpg,0,1,1,0,0,0,0,0,0
0336.jpg,0,0,1,0,0,0,0,0,0
0337.jpg,0,1,0,0,0,0,0,0,0
0338.jpg,0,0,0,0,0,0,0,0,0
0339.jpg,0,0,1,0,0,0,0,0,0
0340.jpg,0,0,0,0,0,0,0,0,0
0341.jpg,0,0,0,0,0,0,0,0,0
0342.jpg,1,0,0,0,0,0,0,0,0
0343.jpg,0,0,1,0,0,0,0,0,0
0344.jpg,0,0,1,0,0,0,0,0,0
0345.jpg,0,0,0,0,0,0,0,0,0
0346.jpg,0,0,1,0,0,0,0,0,0
0347.jpg,0,1,1,0,0,0,0,0,0
0348.jpg,0,0,1,0,0,0,0,0,0
0349.jpg,0,0,1,0,0,0,0,0,0
0350.jpg,0,0,0,0,0,0,0,0,0
0351.jpg,1,0,0,0,0,0,0,0,0
0352.jpg,0,0,0,0,0,0,0,0,0
0353.jpg,0,0,0,0,0,0,0,0,0
0354.jpg,0,0,0,0,0,0,0,0,0
0355.jpg,0,0,1,0,0,0,0,0,0
0356.jpg,0,0,0,0,0,0,0,0,0
0357.jpg,0,0,0,0,0,0,0,0,0
0358.jpg,0,0,0,0,0,0,0,0,0
0359.jpg,0,1,1,0,0,0,0,0,0
0360.jpg,0,1,0,0,0,0,0,1,0
0361.jpg,0,1,0,0,0,0,0,0,0
0362.jpg,0,0,0,0,0,0,0,0,0
0363.jpg,0,0,0,0,0,0,0,0,0
0364.jpg,1,0,0,0,0,0,0,0,0
0365.jpg,1,0,0,0,0,0,0,0,0
0366.jpg,0,0,0,0,0,0,0,0,0
0367.jpg,0,0,1,0,0,0,0,0,0
0368.jpg,0,0,0,0,0,0,0,0,0
0369.jpg,0,0,1,0,0,0,0,0,0
0370.jpg,0,0,0,0,0,0,0,0,0
0371.jpg,0,0,1,0,0,0,0,0,0
0372.jpg,0,0,0,0,0,0,0,0,0
0373.jpg,1,0,0,0,0,0,0,0,0
0374.jpg,0,0,1,0,0,0,0,0,0
0375.jpg,1,0,0,0,0,0,0,0,0
0376.jpg,0,0,0,0,0,0,0,0,0
0377.jpg,1,0,0,0,0,0,0,0,0
0378.jpg,1,0,0,0,0,0,0,0,0
0379.jpg,1,0,0,0,0,0,0,0,0
0380.jpg,0,0,1,0,0,0,0,0,0
0381.jpg,0,0,0,0,0,0,0,0,0
0382.jpg,0,0,0,0,0,0,0,0,0
0383.jpg,0,1,0,0,0,0,0,0,0
0384.jpg,0,0,0,0,0,0,0,0,0
0385.jpg,0,1,0,0,0,0,0,0,0
0386.jpg,0,0,1,0,0,0,0,0,0
0387.jpg,0,0,0,0,0,0,0,0,0
0388.jpg,1,0,0,0,0,0,0,0,0
0389.jpg,0,0,1,0,0,0,0,0,0
0390.jpg,0,1,0,0,0,0,0,0,0
0391.jpg,0,0,0,0,0,0,0,0,0
0392.jpg,0,0,1,0,0,0,0,0,0
0393.jpg,0,0,0,0,0,0,0,1,0
0394.jpg,0,1,0,0,0,0,0,0,0
0395.jpg,0,0,0,0,0,0,0,0,0
0396.jpg,1,0,0,0,0,0,0,0,0
0397.jpg,1,0,0,0,0,0,0,0,0
0398.jpg,0,1,1,0,0,0,0,0,0
0399.jpg,0,0,0,0,0,0,0,1,0
0400.jpg,1,0,0,0,0,0,0,0,0
0401.jpg,0,1,0,1,1,0,0,0,0
0402.jpg,0,1,0,1,1,0,0,0,0
0403.jpg,0,1,0,1,0,0,0,0,0
0404.jpg,0,0,0,1,1,0,0,0,0
0405.jpg,0,1,1,1,0,0,0,0,0
0406.jpg,0,1,1,1,1,0,0,0,0
0407.jpg,0,1,0,1,1,0,0,0,0
0408.jpg,0,0,0,1,0,0,0,0,0
0409.jpg,0,0,0,1,1,0,0,0,0
0410.jpg,0,0,0,1,1,0,0,0,0
0411.jpg,0,0,0,1,0,0,0,0,0
0412.jpg,0,1,0,1,1,0,0,0,0
0413.jpg,0,1,1,1,1,0,0,0,0
0414.jpg,0,0,0,1,1,0,0,0,0
0415.jpg,0,1,0,1,1,0,0,0,0
0416.jpg,0,0,0,0,1,0,0,0,0
0417.jpg,0,1,0,1,1,0,0,0,0
0418.jpg,0,1,0,1,1,0,0,0,0
0419.jpg,0,0,0,1,0,0,0,0,0
0420.jpg,0,1,0,1,1,0,0,0,0
0421.jpg,0,0,0,1,0,0,0,0,0
0422.jpg,0,1,0,1,1,0,0,0,0
0423.jpg,0,1,1,1,1,0,0,0,0
0424.jpg,0,1,0,1,0,0,0,0,0
0425.jpg,0,0,0,1,1,0,0,0,0
0426.jpg,0,1,0,1,0,0,0,0,0
0427.jpg,0,1,0,1,1,0,0,0,0
0428.jpg,0,0,0,1,1,0,0,0,0
0429.jpg,0,1,1,1,1,0,0,0,0
0430.jpg,0,0,0,1,1,0,0,0,0
0431.jpg,0,0,0,1,1,0,0,0,0
0432.jpg,0,0,0,1,0,0,0,0,0
0433.jpg,0,0,0,1,1,0,0,0,0
0434.jpg,0,1,0,1,1,0,0,0,0
0435.jpg,0,0,0,1,0,0,0,0,0
0436.jpg,0,0,0,1,1,0,0,0,0
0437.jpg,0,1,1,1,1,0,0,0,0
0438.jpg,0,0,0,1,1,0,0,0,0
0439.jpg,0,0,0,1,1,0,0,0,0
0440.jpg,0,0,0,1,1,0,0,0,0
0441.jpg,0,0,0,1,1,0,0,0,0
0442.jpg,0,0,0,1,1,0,0,0,0
0443.jpg,0,0,0,1,0,0,0,0,0
0444.jpg,0,0,0,1,1,0,0,0,0
0445.jpg,0,0,0,1,1,0,0,0,0
0446.jpg,0,1,0,1,0,0,0,0,0
0447.jpg,0,0,0,1,0,0,0,0,0
0448.jpg,0,0,0,1,1,0,0,0,0
0449.jpg,0,0,0,1,1,0,0,0,0
0450.jpg,0,0,0,1,1,0,0,0,0
0451.jpg,0,0,0,1,1,0,0,0,0
0452.jpg,0,0,0,1,1,0,0,0,0
0453.jpg,0,0,0,1,1,0,0,0,0
0454.jpg,0,0,0,1,1,0,0,0,0
0455.jpg,0,0,0,0,1,0,0,0,0
0456.jpg,0,1,0,1,1,0,0,0,0
0457.jpg,0,0,0,1,0,0,0,1,0
0458.jpg,0,0,0,1,0,0,0,0,0
0459.jpg,0,1,0,1,0,0,0,0,0
0460.jpg,0,0,0,1,0,0,0,0,0
0461.jpg,0,1,1,1,0,0,0,0,0
0462.jpg,0,0,0,1,0,0,0,0,0
0463.jpg,0,0,0,1,0,0,0,0,0
0464.jpg,0,1,0,1,1,0,0,0,0
0465.jpg,0,0,0,1,1,0,0,0,0
0466.jpg,0,0,0,1,1,0,0,0,0
0467.jpg,0,0,0,1,1,0,0,0,0
0468.jpg,0,0,0,1,1,0,0,0,0
0469.jpg,0,0,1,1,1,0,0,0,0
0470.jpg,0,1,0,1,0,0,0,0,0
0471.jpg,0,0,0,1,1,0,0,0,1
0472.jpg,0,0,0,1,1,0,0,0,0
0473.jpg,0,0,0,1,1,0,0,0,0
0474.jpg,0,0,0,1,1,0,0,0,0
0475.jpg,0,0,0,1,1,0,0,0,0
0476.jpg,0,1,0,1,0,0,0,0,0
0477.jpg,0,0,0,1,0,0,0,1,0
0478.jpg,0,0,0,1,1,0,0,0,0
0479.jpg,0,0,0,1,1,0,0,0,0
0480.jpg,0,0,0,1,1,0,0,0,0
0481.jpg,0,0,0,1,0,0,0,0,0
0482.jpg,0,1,0,1,0,0,0,1,0
0483.jpg,0,1,0,1,0,0,0,0,0
0484.jpg,0,1,0,1,0,0,0,0,0
0485.jpg,0,1,0,1,0,0,0,0,0
0486.jpg,0,0,0,1,1,0,0,0,0
0487.jpg,0,0,0,1,1,0,0,0,1
0488.jpg,0,0,0,1,1,0,0,0,0
0489.jpg,0,0,0,1,1,0,0,0,0
0490.jpg,0,0,0,1,1,0,0,0,0
0491.jpg,0,0,0,1,1,0,0,0,0
0492.jpg,0,1,0,1,0,0,0,0,0
0493.jpg,0,1,0,1,0,0,0,0,0
0494.jpg,0,0,0,1,1,0,0,0,0
0495.jpg,0,1,0,1,0,0,0,0,0
0496.jpg,0,0,0,1,0,0,0,0,0
0497.jpg,0,1,0,0,0,0,0,0,0
0498.jpg,0,0,0,1,1,0,1,0,0
0499.jpg,0,0,0,1,0,0,0,1,0
0500.jpg,0,1,0,1,0,0,0,0,0
0501.jpg,0,0,0,0,1,0,0,0,1
0502.jpg,0,0,0,0,1,0,0,0,0
0503.jpg,0,0,0,0,1,0,0,0,1
0504.jpg,0,0,0,0,1,0,0,0,1
0505.jpg,0,0,0,1,1,0,0,0,1
0506.jpg,0,0,0,1,1,0,0,0,1
0507.jpg,0,0,0,0,1,0,0,0,1
0508.jpg,0,0,0,0,1,0,0,0,0
0509.jpg,0,0,0,0,1,0,0,0,1
0510.jpg,0,0,0,0,1,0,0,0,1
0511.jpg,0,0,0,0,1,0,0,0,1
0512.jpg,0,0,0,0,1,0,0,0,0
0513.jpg,0,0,0,0,1,0,0,0,1
0514.jpg,0,0,0,1,1,0,0,0,1
0515.jpg,0,0,0,0,1,0,0,0,1
0516.jpg,0,0,0,0,1,0,0,0,1
0517.jpg,0,0,0,0,1,0,0,0,0
0518.jpg,0,0,0,0,1,0,0,0,1
0519.jpg,0,0,0,0,1,0,0,0,1
0520.jpg,0,0,0,0,1,0,0,0,1
0521.jpg,0,0,0,1,1,0,0,0,1
0522.jpg,0,0,0,1,1,0,0,0,1
0523.jpg,0,0,0,0,1,0,0,0,1
0524.jpg,0,0,0,0,1,0,0,0,0
0525.jpg,0,0,0,0,1,0,0,0,0
0526.jpg,0,0,0,1,1,0,0,0,1
0527.jpg,0,0,0,0,1,0,0,0,1
0528.jpg,0,0,0,0,1,0,0,0,0
0529.jpg,0,0,0,0,1,0,0,0,0
0530.jpg,0,0,0,0,1,0,0,0,1
0531.jpg,0,0,0,0,1,0,0,0,0
0532.jpg,0,0,0,0,1,0,0,0,0
0533.jpg,0,0,0,0,1,0,0,0,0
0534.jpg,0,0,0,0,1,0,0,0,0
0535.jpg,0,0,0,0,1,0,0,0,0
0536.jpg,0,0,0,0,1,0,0,0,1
0537.jpg,0,0,0,1,1,0,0,0,1
0538.jpg,0,0,0,0,1,0,0,0,0
0539.jpg,0,1,0,0,1,0,0,0,0
0540.jpg,0,0,0,0,1,0,0,0,0
0541.jpg,0,0,0,0,1,0,0,0,0
0542.jpg,0,0,0,0,1,0,0,0,0
0543.jpg,0,0,0,0,1,0,0,0,0
0544.jpg,0,0,0,0,1,0,0,0,0
0545.jpg,0,1,0,0,1,0,0,0,0
0546.jpg,0,0,0,0,1,0,0,0,0
0547.jpg,0,0,0,0,1,0,0,0,0
0548.jpg,0,0,0,0,1,0,0,0,1
0549.jpg,0,0,0,0,1,0,0,0,1
0550.jpg,0,0,0,0,1,0,0,0,0
0551.jpg,0,0,0,0,1,0,0,0,0
0552.jpg,0,0,0,0,1,0,0,0,0
0553.jpg,1,0,0,0,1,0,0,0,0
0554.jpg,0,0,0,0,1,0,0,0,0
0555.jpg,0,0,0,0,1,0,0,0,1
0556.jpg,0,0,0,0,1,0,0,0,0
0557.jpg,0,0,0,0,1,0,0,0,1
0558.jpg,0,0,0,0,1,0,0,0,0
0559.jpg,0,0,0,0,1,0,0,0,0
0560.jpg,0,0,0,0,1,0,0,0,0
0561.jpg,0,0,0,0,1,0,0,0,0
0562.jpg,0,0,0,0,1,0,0,0,1
0563.jpg,0,0,0,0,1,0,0,0,0
0564.jpg,0,0,0,0,1,0,0,0,0
0565.jpg,0,0,0,1,1,0,0,0,1
0566.jpg,0,0,0,0,1,0,0,0,1
0567.jpg,0,0,0,0,1,0,0,0,0
0568.jpg,0,0,0,0,1,0,0,0,1
0569.jpg,0,0,0,0,1,0,0,0,0
0570.jpg,0,0,0,1,1,0,0,0,1
0571.jpg,0,0,0,0,1,0,0,0,0
0572.jpg,1,0,0,0,1,0,0,0,0
0573.jpg,0,0,0,0,1,0,0,0,0
0574.jpg,0,1,0,0,1,0,0,0,0
0575.jpg,0,1,0,1,1,0,0,0,0
0576.jpg,0,0,0,0,1,0,0,0,0
0577.jpg,0,0,0,0,1,0,0,0,0
0578.jpg,0,0,0,0,1,0,0,0,0
0579.jpg,0,0,0,0,1,0,0,0,0
0580.jpg,0,0,0,0,1,0,0,0,0
0581.jpg,0,0,0,0,1,0,0,0,0
0582.jpg,0,0,0,0,1,0,0,0,0
0583.jpg,0,0,0,0,1,0,0,0,0
0584.jpg,0,0,0,0,1,0,0,0,0
0585.jpg,0,0,0,0,1,0,0,0,0
0586.jpg,0,0,0,0,1,0,0,0,0
0587.jpg,0,0,0,0,1,0,0,0,0
0588.jpg,0,0,0,0,1,0,0,0,0
0589.jpg,0,0,0,0,1,0,0,0,0
0590.jpg,0,0,0,0,1,0,0,0,0
0591.jpg,0,0,0,0,1,0,0,0,1
0592.jpg,0,0,0,0,1,0,0,0,0
0593.jpg,0,1,1,0,1,0,0,0,0
0594.jpg,0,0,0,0,1,0,0,0,1
0595.jpg,0,0,0,1,1,0,0,0,1
0596.jpg,0,0,0,0,1,0,0,0,1
0597.jpg,0,0,0,0,1,0,0,0,0
0598.jpg,0,0,1,0,1,0,0,0,0
0599.jpg,0,0,0,0,1,0,0,0,0
0600.jpg,0,0,0,0,1,0,0,0,1
0601.jpg,0,0,0,0,1,1,0,0,0
0602.jpg,0,0,0,0,1,1,0,0,1
0603.jpg,0,0,0,0,1,1,0,0,0
0604.jpg,0,0,0,0,1,1,0,0,0
0605.jpg,0,0,0,0,0,1,0,0,0
0606.jpg,0,0,0,0,0,1,0,0,0
0607.jpg,0,0,0,0,0,1,0,0,0
0608.jpg,1,0,0,0,0,1,0,0,0
0609.jpg,0,0,0,0,1,1,0,0,0
0610.jpg,0,0,0,0,0,1,0,1,0
0611.jpg,0,0,0,0,0,1,0,0,0
0612.jpg,0,0,0,1,1,1,0,0,0
0613.jpg,0,0,0,0,1,1,0,0,0
0614.jpg,0,0,0,0,1,1,0,0,0
0615.jpg,0,0,0,0,0,1,0,0,0
0616.jpg,0,0,0,0,0,1,0,0,0
0617.jpg,0,0,0,0,0,1,0,0,0
0618.jpg,0,0,0,0,1,1,0,0,1
0619.jpg,0,0,0,1,1,1,0,0,1
0620.jpg,0,0,0,0,1,1,0,0,0
0621.jpg,0,0,0,0,1,1,0,0,0
0622.jpg,1,0,0,0,0,1,0,0,0
0623.jpg,0,0,0,0,0,1,0,0,1
0624.jpg,0,0,0,0,0,1,0,0,1
0625.jpg,0,0,0,0,0,1,0,0,0
0626.jpg,0,0,0,0,1,1,0,0,0
0627.jpg,1,0,0,0,0,1,0,0,0
0628.jpg,0,0,0,0,1,1,0,0,0
0629.jpg,0,0,0,0,1,1,0,0,1
0630.jpg,0,0,0,0,1,1,0,0,0
0631.jpg,0,0,0,0,1,1,0,0,0
0632.jpg,1,0,0,0,1,1,0,0,0
0633.jpg,0,0,0,0,0,1,0,0,0
0634.jpg,0,0,0,0,0,1,0,0,0
0635.jpg,0,0,0,0,0,1,0,0,0
0636.jpg,0,0,0,0,0,1,0,0,0
0637.jpg,0,0,0,0,0,1,0,0,0
0638.jpg,0,0,0,1,1,1,0,0,1
0639.jpg,0,0,0,0,0,1,0,0,0
0640.jpg,0,0,0,0,0,1,0,0,0
0641.jpg,1,0,0,0,0,1,0,0,0
0642.jpg,0,0,0,1,1,1,0,0,0
0643.jpg,1,0,0,0,1,1,0,0,0
0644.jpg,0,0,0,0,1,1,0,0,1
0645.jpg,0,0,0,0,0,1,0,0,0
0646.jpg,0,0,1,0,0,1,0,0,0
0647.jpg,0,0,0,0,1,1,0,0,1
0648.jpg,0,0,0,0,1,1,0,0,1
0649.jpg,0,0,0,0,1,1,0,0,0
0650.jpg,0,0,0,0,1,1,0,0,0
0651.jpg,0,0,0,1,1,0,0,0,0
0652.jpg,0,0,0,1,0,0,0,0,0
0653.jpg,0,0,1,1,0,0,0,0,1
0654.jpg,0,0,0,1,0,0,0,0,0
0655.jpg,0,0,0,0,1,0,0,0,0
0656.jpg,0,0,0,1,1,0,0,0,0
0657.jpg,0,0,0,1,1,0,0,0,0
0658.jpg,0,0,0,1,1,1,0,0,0
0659.jpg,1,0,0,0,0,0,0,0,0
0660.jpg,0,0,0,0,0,0,0,0,0
0661.jpg,1,0,0,0,1,0,0,0,0
0662.jpg,0,0,0,1,1,0,0,0,0
0663.jpg,0,0,0,1,0,0,0,0,0
0664.jpg,0,0,0,1,0,0,0,0,0
0665.jpg,1,0,0,0,0,0,0,0,0
0666.jpg,1,0,0,0,0,0,1,0,0
0667.jpg,0,0,0,0,0,0,0,0,0
0668.jpg,1,0,0,0,0,0,0,0,0
0669.jpg,0,0,0,0,0,0,0,0,0
0670.jpg,1,0,0,0,0,0,0,0,0
0671.jpg,0,0,0,1,0,0,0,0,0
0672.jpg,1,0,0,0,0,0,0,0,0
0673.jpg,1,0,0,0,0,0,0,0,0
0674.jpg,0,1,0,1,0,0,0,0,0
0675.jpg,1,0,0,0,0,0,1,0,0
0676.jpg,1,0,0,0,0,0,1,0,0
0677.jpg,1,0,0,0,0,0,1,0,0
0678.jpg,1,0,0,0,0,0,1,0,0
0679.jpg,1,0,0,0,0,0,1,0,0
0680.jpg,0,0,0,0,0,0,0,1,0
0681.jpg,0,1,0,0,0,0,0,0,0
0682.jpg,0,0,1,0,0,0,0,0,0
0683.jpg,1,0,0,0,0,0,0,0,0
0684.jpg,0,0,0,1,0,0,0,1,0
0685.jpg,0,1,0,0,0,0,0,0,0
0686.jpg,1,0,0,0,0,0,0,0,0
0687.jpg,1,0,0,0,0,0,1,0,0
0688.jpg,1,0,0,0,0,0,0,0,0
0689.jpg,1,0,0,0,0,0,0,0,0
0690.jpg,1,0,0,0,0,0,0,0,0
0691.jpg,0,0,0,1,0,0,0,0,0
0692.jpg,0,0,0,0,0,0,0,0,0
0693.jpg,0,0,0,1,0,0,0,0,0
0694.jpg,1,0,0,0,0,0,0,0,0
0695.jpg,1,0,0,0,0,0,0,0,0
0696.jpg,1,0,0,0,0,0,1,0,0
0697.jpg,0,0,0,0,0,0,1,0,0
0698.jpg,0,1,0,0,0,0,0,0,0
0699.jpg,1,0,0,0,0,0,0,0,0
0700.jpg,1,0,0,0,0,0,0,0,0
0701.jpg,1,0,0,0,0,0,1,0,0
0702.jpg,0,0,0,0,0,0,1,0,0
0703.jpg,1,0,0,0,0,0,1,0,0
0704.jpg,1,0,0,0,0,0,1,0,0
0705.jpg,0,0,0,0,0,0,1,0,0
0706.jpg,1,0,0,0,0,0,1,0,0
0707.jpg,0,1,0,0,0,0,1,0,0
0708.jpg,0,0,0,0,0,0,1,0,0
0709.jpg,0,0,0,0,0,0,1,0,0
0710.jpg,1,1,0,0,0,0,1,0,0
0711.jpg,1,0,1,0,0,0,1,0,0
0712.jpg,0,0,0,0,0,0,1,0,0
0713.jpg,1,0,1,0,0,0,1,0,0
0714.jpg,1,0,0,0,0,0,1,0,0
0715.jpg,0,1,1,0,0,0,1,0,0
0716.jpg,0,1,1,0,0,0,1,0,0
0717.jpg,1,0,1,0,0,0,1,0,0
0718.jpg,1,0,1,0,0,0,1,0,0
0719.jpg,0,0,1,0,0,0,1,0,0
0720.jpg,0,1,0,0,0,0,1,0,0
0721.jpg,0,0,1,0,0,0,1,0,0
0722.jpg,0,1,1,0,0,0,1,0,0
0723.jpg,1,0,0,0,0,0,1,0,0
0724.jpg,1,0,0,0,0,0,1,0,0
0725.jpg,0,1,0,0,0,0,1,0,0
0726.jpg,0,0,0,0,0,0,1,0,0
0727.jpg,1,0,0,0,0,0,1,0,0
0728.jpg,0,0,0,0,0,0,1,0,0
0729.jpg,0,1,1,0,0,0,1,0,0
0730.jpg,0,0,1,0,0,0,1,0,0
0731.jpg,0,1,1,0,0,0,1,0,0
0732.jpg,0,0,0,0,0,0,1,0,0
0733.jpg,1,0,0,0,0,0,1,0,0
0734.jpg,0,0,1,0,0,0,1,0,0
0735.jpg,1,0,0,0,0,0,1,0,0
0736.jpg,0,1,0,0,0,0,1,0,0
0737.jpg,0,0,1,0,0,0,1,0,0
0738.jpg,0,0,1,0,0,0,1,1,0
0739.jpg,0,0,1,0,0,0,1,0,0
0740.jpg,0,0,0,0,0,0,1,0,0
0741.jpg,0,0,0,0,1,0,1,0,0
0742.jpg,1,0,0,0,0,0,1,0,0
0743.jpg,0,0,0,0,1,0,1,0,0
0744.jpg,0,1,0,0,0,0,1,0,0
0745.jpg,1,0,0,0,0,0,1,0,0
0746.jpg,0,0,0,0,0,0,1,0,0
0747.jpg,0,1,0,0,0,0,1,0,0
0748.jpg,1,0,1,0,0,0,1,0,0
0749.jpg,1,0,0,0,0,0,1,0,0
0750.jpg,0,1,0,0,0,0,1,0,0
0751.jpg,1,0,0,0,0,0,0,1,0
0752.jpg,0,0,0,0,0,0,0,1,0
0753.jpg,0,0,0,0,0,0,0,1,0
0754.jpg,0,0,0,0,1,0,0,1,0
0755.jpg,0,0,0,0,1,0,0,0,0
0756.jpg,0,0,0,0,1,0,0,1,0
0757.jpg,0,0,0,0,0,0,0,1,0
0758.jpg,0,0,0,0,1,0,0,1,0
0759.jpg,0,0,0,0,0,0,0,1,0
0760.jpg,0,0,0,0,0,0,0,1,0
0761.jpg,0,0,0,0,1,0,0,1,0
0762.jpg,0,0,0,0,0,0,0,1,0
0763.jpg,0,0,0,0,1,0,0,1,0
0764.jpg,0,0,0,0,0,0,0,1,0
0765.jpg,1,0,0,0,0,0,0,1,0
0766.jpg,0,0,0,0,0,0,0,1,0
0767.jpg,1,0,0,0,1,0,0,1,0
0768.jpg,1,0,0,0,0,0,0,1,0
0769.jpg,0,0,0,1,1,0,0,1,0
0770.jpg,1,0,0,0,0,0,0,1,0
0771.jpg,1,0,0,0,0,0,0,1,0
0772.jpg,1,0,0,0,0,0,0,1,0
0773.jpg,0,0,0,0,0,0,0,1,0
0774.jpg,0,0,0,0,0,0,0,1,0
0775.jpg,0,0,0,0,0,0,0,1,0
0776.jpg,0,0,0,0,0,0,0,1,0
0777.jpg,0,0,0,0,0,0,0,1,0
0778.jpg,0,0,0,0,1,0,0,1,0
0779.jpg,1,0,0,0,1,0,0,1,0
0780.jpg,0,0,0,0,0,0,0,1,0
0781.jpg,0,0,0,0,1,0,0,1,0
0782.jpg,0,0,0,0,0,0,0,1,0
0783.jpg,0,0,0,0,0,0,0,1,0
0784.jpg,0,0,0,0,0,0,0,1,0
0785.jpg,0,0,0,0,0,0,0,1,0
0786.jpg,1,0,0,0,1,0,0,1,0
0787.jpg,1,0,0,0,1,0,0,1,0
0788.jpg,0,0,0,0,0,0,0,1,0
0789.jpg,0,0,0,0,1,0,0,1,0
0790.jpg,1,0,0,0,0,0,0,1,0
0791.jpg,0,0,0,0,0,0,0,1,0
0792.jpg,1,0,0,0,1,0,0,1,0
0793.jpg,1,0,0,0,1,0,0,1,0
0794.jpg,1,0,0,0,0,0,0,1,0
0795.jpg,1,0,0,0,1,0,0,1,0
0796.jpg,0,0,0,1,1,0,0,1,0
0797.jpg,0,1,0,0,1,0,0,1,0
0798.jpg,0,1,0,0,0,0,0,1,0
0799.jpg,1,0,0,0,1,0,0,1,0
0800.jpg,0,0,0,0,0,0,0,1,0
0801.jpg,0,0,0,0,0,0,0,0,1
0802.jpg,0,0,0,0,1,0,0,0,1
0803.jpg,0,0,0,0,1,0,0,0,1
0804.jpg,0,0,0,0,1,0,0,0,1
0805.jpg,0,0,0,0,0,0,0,0,1
0806.jpg,0,0,0,0,1,0,0,0,1
0807.jpg,0,0,0,0,0,0,0,0,1
0808.jpg,0,0,0,0,1,0,0,0,1
0809.jpg,0,0,0,0,1,0,0,0,1
0810.jpg,0,0,0,0,1,0,0,0,1
0811.jpg,0,0,0,0,1,0,0,0,1
0812.jpg,0,0,0,0,1,0,0,0,1
0813.jpg,0,0,0,0,1,0,0,0,1
0814.jpg,0,0,0,0,0,0,0,0,1
0815.jpg,0,0,0,0,1,0,0,0,1
0816.jpg,0,0,0,0,0,0,0,0,1
0817.jpg,0,0,0,0,0,0,0,0,1
0818.jpg,0,0,0,0,1,0,0,0,1
0819.jpg,0,0,0,0,0,0,0,0,1
0820.jpg,0,0,0,0,0,0,0,0,1
0821.jpg,0,0,0,0,0,0,0,0,1
0822.jpg,0,0,0,0,1,0,0,0,1
0823.jpg,0,0,0,0,0,0,0,0,1
0824.jpg,0,0,0,0,0,0,0,0,1
0825.jpg,0,0,0,0,1,0,0,0,1
0826.jpg,0,0,0,0,1,0,0,0,1
0827.jpg,0,0,0,0,0,0,0,0,1
0828.jpg,0,0,0,0,1,0,0,0,1
0829.jpg,0,0,0,0,0,0,0,0,1
0830.jpg,0,0,0,0,0,0,0,0,1
0831.jpg,0,0,0,0,0,0,0,0,1
0832.jpg,0,0,0,0,1,0,0,0,1
0833.jpg,0,0,0,0,1,0,0,0,1
0834.jpg,0,0,0,0,0,0,0,0,1
0835.jpg,0,0,0,0,0,0,0,0,1
0836.jpg,0,0,0,0,1,0,0,0,1
0837.jpg,0,0,0,0,0,0,0,0,1
0838.jpg,0,0,0,0,0,0,0,0,1
0839.jpg,0,0,0,0,0,0,0,0,1
0840.jpg,0,0,0,0,0,0,0,0,1
0841.jpg,0,0,0,0,0,0,0,0,1
0842.jpg,0,0,0,0,0,0,0,0,1
0843.jpg,0,0,0,0,0,0,0,0,1
0844.jpg,0,0,0,0,0,0,0,0,1
0845.jpg,0,0,0,0,1,0,0,0,1
0846.jpg,0,0,0,0,0,0,0,0,1
0847.jpg,0,0,0,0,0,0,0,0,1
0848.jpg,0,0,0,0,0,0,0,0,1
0849.jpg,0,0,0,0,1,0,0,0,1
0850.jpg,0,0,0,0,0,0,0,0,1
0851.jpg,1,0,0,0,0,0,0,0,1
0852.jpg,0,0,0,0,0,0,0,0,1
0853.jpg,1,0,0,0,0,0,0,0,0
0854.jpg,0,0,0,0,0,0,0,0,0
0855.jpg,0,0,0,0,1,0,0,0,0
0856.jpg,0,0,0,0,1,1,0,0,0
0857.jpg,0,0,0,0,0,0,0,0,0
0858.jpg,0,0,0,0,0,0,0,0,0
0859.jpg,0,0,0,0,0,0,0,1,0
0860.jpg,0,0,0,0,0,0,0,0,0
0861.jpg,0,0,0,0,0,0,1,0,0
0862.jpg,0,0,0,0,0,0,0,0,0
0863.jpg,0,0,0,0,0,0,0,1,0
0864.jpg,0,1,0,0,0,0,0,1,0
0865.jpg,0,0,0,0,1,0,0,0,0
0866.jpg,0,0,0,0,0,0,0,0,0
0867.jpg,1,0,0,0,0,0,0,1,0
0868.jpg,0,0,0,0,0,0,0,0,0
0869.jpg,0,0,0,0,1,0,0,1,0
0870.jpg,0,0,0,0,0,0,0,1,0
0871.jpg,0,0,0,0,1,0,0,0,0
0872.jpg,0,0,0,0,0,0,0,1,0
0873.jpg,0,0,0,0,0,0,0,1,0
0874.jpg,0,0,0,0,0,0,0,0,0
0875.jpg,0,0,0,0,0,0,0,1,0
0876.jpg,0,0,0,0,0,0,0,1,0
0877.jpg,0,0,0,0,0,0,0,1,0
0878.jpg,0,0,0,0,0,0,0,1,0
0879.jpg,0,0,0,0,0,0,0,1,0
0880.jpg,0,0,0,0,0,0,0,0,0
0881.jpg,0,1,0,0,0,0,0,0,0
0882.jpg,1,0,0,0,0,0,0,0,0
0883.jpg,0,0,0,0,0,0,0,0,0
0884.jpg,0,1,0,0,0,0,0,1,0
0885.jpg,0,0,0,0,0,0,0,0,0
0886.jpg,0,0,0,0,0,0,0,1,0
0887.jpg,0,0,0,0,0,0,0,1,0
0888.jpg,0,0,0,0,0,0,0,1,0
0889.jpg,0,0,0,0,0,0,0,1,0
0890.jpg,0,0,0,0,0,0,0,1,0
0891.jpg,0,0,0,0,0,0,0,1,0
0892.jpg,1,0,0,0,0,0,0,1,0
0893.jpg,0,0,0,0,0,0,0,0,0
0894.jpg,0,0,0,0,0,0,1,0,0
0895.jpg,0,0,0,0,1,0,0,0,0
0896.jpg,0,0,0,1,0,0,0,1,0
0897.jpg,0,0,0,0,0,0,0,1,0
0898.jpg,1,0,0,0,0,0,0,1,0
0899.jpg,0,0,1,0,0,0,0,1,0
0900.jpg,0,0,0,0,1,0,0,0,0
0901.jpg,0,0,0,0,0,0,0,0,0
0902.jpg,0,1,0,0,0,0,0,0,0
0903.jpg,0,1,0,0,0,0,0,0,0
0904.jpg,0,0,0,0,0,0,0,0,0
0905.jpg,0,1,0,0,0,0,0,0,0
0906.jpg,0,0,0,0,0,0,0,0,0
0907.jpg,0,0,0,0,0,0,0,0,0
0908.jpg,0,1,0,0,1,0,0,0,0
0909.jpg,1,0,0,0,0,0,0,1,0
0910.jpg,0,0,0,0,0,0,0,0,0
0911.jpg,0,0,0,0,0,0,0,0,0
0912.jpg,0,0,0,0,0,0,0,0,0
0913.jpg,0,0,1,0,0,0,0,0,0
0914.jpg,0,0,1,0,0,0,0,0,0
0915.jpg,0,0,0,0,1,0,0,0,0
0916.jpg,0,0,0,0,1,0,0,0,0
0917.jpg,0,0,0,0,0,0,0,0,0
0918.jpg,0,0,0,0,0,0,0,0,0
0919.jpg,0,0,0,0,0,0,0,0,0
0920.jpg,0,0,0,0,0,0,0,0,0
0921.jpg,0,0,0,0,1,0,0,0,0
0922.jpg,0,0,0,0,0,0,0,0,0
0923.jpg,0,0,0,0,1,0,0,0,0
0924.jpg,0,0,0,0,0,0,0,0,0
0925.jpg,1,0,0,0,0,0,0,0,0
0926.jpg,1,0,0,0,0,0,0,0,0
0927.jpg,0,0,0,0,0,0,0,0,0
0928.jpg,0,0,0,0,0,0,0,0,0
0929.jpg,0,0,0,0,1,0,0,0,0
0930.jpg,0,0,0,0,0,0,0,0,0
0931.jpg,0,0,0,0,0,0,0,0,0
0932.jpg,0,0,0,0,0,0,0,0,0
0933.jpg,0,0,0,0,0,0,0,0,0
0934.jpg,0,0,0,0,0,0,0,0,0
0935.jpg,0,0,0,0,0,0,0,0,0
0936.jpg,1,0,0,0,1,0,0,0,0
0937.jpg,0,0,0,0,0,0,0,0,0
0938.jpg,0,0,0,0,0,0,0,0,0
0939.jpg,0,0,0,0,0,0,0,0,0
0940.jpg,0,0,0,0,1,0,0,0,0
0941.jpg,0,0,0,0,0,0,0,0,0
0942.jpg,0,0,0,0,0,0,0,0,0
0943.jpg,1,0,0,0,1,0,0,0,0
0944.jpg,0,0,0,0,0,0,0,0,0
0945.jpg,0,0,0,0,1,0,0,0,0
0946.jpg,0,1,0,0,0,0,0,0,0
0947.jpg,0,0,0,0,1,0,0,0,0
0948.jpg,0,0,0,0,0,0,0,0,0
0949.jpg,0,0,1,0,0,0,0,0,0
0950.jpg,1,1,0,0,0,0,1,0,0
0951.jpg,0,0,0,0,1,0,0,0,0
0952.jpg,0,0,0,0,0,0,0,0,0
0953.jpg,0,0,0,0,0,0,0,0,0
0954.jpg,0,0,0,0,1,0,0,0,0
0955.jpg,0,0,0,0,0,0,0,0,0
0956.jpg,0,0,0,0,0,0,1,0,0
0957.jpg,0,0,0,0,0,0,0,1,0
0958.jpg,0,0,0,0,0,0,0,0,0
0959.jpg,0,0,1,0,0,0,0,0,0
0960.jpg,0,0,0,0,0,0,0,0,0
0961.jpg,1,0,0,0,0,0,0,0,0
0962.jpg,0,0,1,0,0,0,0,0,0
0963.jpg,0,0,0,0,0,0,0,0,0
0964.jpg,0,1,0,0,0,0,0,0,0
0965.jpg,0,0,0,0,0,0,0,0,0
0966.jpg,0,0,0,0,0,0,0,0,0
0967.jpg,0,0,0,0,0,0,0,0,0
0968.jpg,0,0,0,0,1,0,0,0,0
0969.jpg,1,1,1,0,1,0,0,0,0
0970.jpg,1,1,0,0,0,0,1,0,0
0971.jpg,1,0,0,0,0,0,1,0,0
0972.jpg,0,0,0,0,0,0,0,0,0
0973.jpg,1,0,0,0,0,0,0,0,0
0974.jpg,1,1,0,0,0,0,0,0,0
0975.jpg,1,0,0,0,0,0,0,0,0
0976.jpg,0,0,0,0,0,0,0,0,0
0977.jpg,0,0,0,0,1,0,0,0,0
0978.jpg,0,0,0,0,1,0,0,0,0
0979.jpg,0,0,0,0,0,0,0,0,0
0980.jpg,0,0,0,0,0,0,0,0,0
0981.jpg,0,0,1,0,0,0,0,0,0
0982.jpg,0,0,1,0,0,0,0,0,0
0983.jpg,0,1,1,0,0,0,0,0,0
0984.jpg,0,0,0,0,1,0,0,0,0
0985.jpg,0,0,1,0,0,0,1,0,0
0986.jpg,0,1,0,0,0,0,0,0,0
0987.jpg,0,0,1,0,0,0,0,0,0
0988.jpg,0,0,1,0,0,0,0,0,0
0989.jpg,0,0,0,0,0,0,0,0,0
0990.jpg,1,1,0,0,0,0,0,0,0
0991.jpg,0,1,1,0,0,0,1,0,0
0992.jpg,0,1,0,0,0,0,0,0,0
0993.jpg,0,0,0,0,0,0,0,0,0
0994.jpg,0,0,0,1,0,0,0,0,0
0995.jpg,0,0,0,0,0,0,0,0,0
0996.jpg,0,0,1,0,0,0,0,0,0
0997.jpg,0,0,0,0,0,0,0,1,0
0998.jpg,0,0,1,0,0,0,0,0,0
0999.jpg,0,1,0,0,0,0,1,0,0
1000.jpg,0,0,0,0,0,0,0,0,0
1001.jpg,1,0,0,0,0,0,0,0,0
1002.jpg,0,0,0,0,0,0,0,0,0
1003.jpg,0,0,0,0,0,0,0,0,0
1004.jpg,0,0,0,0,0,0,0,0,0
1005.jpg,0,0,0,0,1,0,0,0,0
1006.jpg,0,0,0,0,0,0,0,0,0
1007.jpg,0,1,0,0,0,0,1,0,0
1008.jpg,0,0,0,0,0,0,0,0,0
1009.jpg,0,0,1,0,0,0,0,0,0
1010.jpg,0,1,1,0,0,0,0,0,0
1011.jpg,0,0,0,0,0,0,0,0,0
1012.jpg,0,0,0,0,0,0,0,0,0
1013.jpg,0,0,0,0,0,0,0,0,0
1014.jpg,0,0,0,0,0,0,0,0,0
1015.jpg,0,0,0,0,0,0,0,0,0
1016.jpg,0,0,0,0,1,0,0,0,0
1017.jpg,0,0,0,0,0,0,0,0,0
1018.jpg,1,0,0,0,0,0,0,0,0
1019.jpg,0,0,1,0,0,0,0,0,0
1020.jpg,1,0,0,0,0,0,0,0,0
1021.jpg,0,0,1,0,0,0,0,0,0
1022.jpg,0,0,0,0,0,0,0,0,0
1023.jpg,0,0,1,0,0,0,0,0,0
1024.jpg,0,0,0,0,0,0,1,0,0
1025.jpg,0,1,0,0,0,0,0,0,0
1026.jpg,0,1,0,0,0,0,0,0,0
1027.jpg,0,0,0,0,0,0,1,0,0
1028.jpg,0,0,0,0,0,0,0,0,0
1029.jpg,0,1,0,0,0,0,0,0,0
1030.jpg,0,1,0,0,0,0,0,0,0
1031.jpg,0,1,0,0,0,0,0,0,0
1032.jpg,0,0,1,0,0,0,1,0,0
1033.jpg,0,0,0,0,0,0,0,0,0
1034.jpg,0,0,0,0,0,0,0,0,0
1035.jpg,0,1,0,0,0,0,0,0,0
1036.jpg,0,0,0,0,0,0,0,0,0
1037.jpg,0,0,0,0,0,0,1,0,0
1038.jpg,0,0,0,0,0,0,1,0,0
1039.jpg,0,1,0,0,0,0,0,0,0
1040.jpg,0,0,1,0,0,0,0,0,0
1041.jpg,0,0,0,0,0,0,0,0,0
1042.jpg,0,0,0,0,0,0,0,1,0
1043.jpg,0,0,0,0,0,0,0,0,0
1044.jpg,0,0,0,0,0,0,0,0,0
1045.jpg,0,0,1,0,0,0,1,0,0
1046.jpg,0,0,0,0,0,0,0,0,0
1047.jpg,0,0,0,0,0,0,0,0,0
1048.jpg,0,0,0,0,0,0,0,1,0
1049.jpg,0,0,0,0,0,0,0,1,0
1050.jpg,0,0,1,0,0,0,0,0,0
1051.jpg,0,0,0,0,0,0,0,0,0
1052.jpg,0,0,0,0,0,0,0,1,0
1053.jpg,0,0,0,0,0,0,0,1,0
1054.jpg,1,0,0,0,0,0,0,0,0
1055.jpg,0,0,0,0,0,0,0,0,0
1056.jpg,0,1,0,0,0,0,0,0,0
1057.jpg,0,0,0,0,0,0,0,0,0
1058.jpg,0,1,1,0,0,0,0,0,0
1059.jpg,0,0,0,0,0,0,0,0,0
1060.jpg,0,0,0,0,0,0,0,0,0
1061.jpg,0,0,0,0,1,0,0,0,1
1062.jpg,1,0,0,0,0,0,0,0,0
1063.jpg,0,0,1,0,0,0,0,0,0
1064.jpg,0,0,0,0,0,0,0,1,0
1065.jpg,0,1,0,0,1,0,0,0,0
1066.jpg,0,0,0,0,0,0,0,1,0
1067.jpg,0,1,0,0,1,0,0,0,0
1068.jpg,0,0,0,0,0,0,0,1,0
1069.jpg,0,0,0,0,0,0,0,1,0
1070.jpg,0,0,1,0,0,0,0,0,0
1071.jpg,0,1,0,0,0,0,0,0,0
1072.jpg,0,0,0,0,0,0,0,0,0
1073.jpg,0,0,1,0,0,0,0,0,0
1074.jpg,0,1,1,0,0,0,0,0,0
1075.jpg,0,1,0,0,0,0,1,0,0
1076.jpg,0,0,0,0,1,0,0,0,0
1077.jpg,1,0,0,0,0,0,0,0,0
1078.jpg,0,0,0,0,0,0,0,0,1
1079.jpg,0,0,0,0,1,0,0,0,1
1080.jpg,0,0,0,0,1,0,0,0,0
1081.jpg,0,0,1,0,0,0,0,0,0
1082.jpg,0,0,0,0,0,0,0,0,1
1083.jpg,0,0,1,0,0,0,0,0,0
1084.jpg,0,0,0,0,0,0,0,0,0
1085.jpg,0,0,0,0,1,0,0,0,0
1086.jpg,0,0,0,1,0,0,0,0,0
1087.jpg,0,0,0,1,0,0,0,0,0
1088.jpg,0,0,1,0,0,0,0,0,0
1089.jpg,0,0,0,0,0,0,0,0,1
1090.jpg,1,0,0,0,0,0,0,0,0
1091.jpg,0,1,0,0,0,0,1,0,0
1092.jpg,0,0,0,0,0,0,0,1,0
1093.jpg,1,0,0,0,0,0,0,0,0
1094.jpg,1,0,0,0,0,0,1,0,0
1095.jpg,1,1,0,0,0,0,1,0,0
1096.jpg,1,0,0,0,0,0,1,0,0
1097.jpg,0,0,0,0,0,0,0,0,0
1098.jpg,0,0,0,0,0,0,0,0,0
1099.jpg,1,0,0,0,0,0,0,0,0
1100.jpg,0,0,0,0,0,0,1,0,0
1101.jpg,0,0,0,0,1,0,0,0,1
1102.jpg,0,0,0,0,0,0,0,1,0
1103.jpg,1,0,0,0,0,0,0,0,0
1104.jpg,0,0,0,0,0,0,0,1,0
1105.jpg,0,0,1,0,0,0,0,0,0
1106.jpg,0,1,1,0,0,0,1,0,0
1107.jpg,0,0,0,0,0,0,0,1,0
1108.jpg,1,0,0,0,0,0,0,0,0
1109.jpg,0,1,0,0,0,0,0,0,0
1110.jpg,0,0,0,0,0,0,0,0,0
1111.jpg,0,0,0,0,0,0,0,0,0
1112.jpg,0,0,0,0,0,0,0,0,0
1113.jpg,0,0,1,0,0,0,0,0,0
1114.jpg,0,0,1,0,0,0,0,0,0
1115.jpg,0,0,0,0,1,0,0,0,0
1116.jpg,0,0,0,0,0,0,0,1,0
1117.jpg,0,0,1,0,0,0,0,0,0
1118.jpg,0,0,0,0,0,0,0,0,0
1119.jpg,0,0,0,0,0,0,0,0,0
1120.jpg,0,0,0,0,0,0,1,0,0
1121.jpg,1,0,0,0,0,0,0,0,0
1122.jpg,0,0,0,0,0,0,0,0,0
1123.jpg,0,0,1,0,0,0,0,0,0
1124.jpg,0,0,0,0,0,0,0,0,0
1125.jpg,0,1,0,0,0,0,0,0,0
1126.jpg,0,0,1,0,0,0,0,0,0
1127.jpg,0,0,0,0,0,0,0,0,0
1128.jpg,0,0,0,0,0,0,0,0,0
1129.jpg,0,0,1,0,0,0,0,0,0
1130.jpg,0,0,1,0,0,0,0,0,0
1131.jpg,0,1,0,0,0,0,0,0,0
1132.jpg,0,0,0,0,0,0,0,0,0
1133.jpg,0,1,0,0,0,0,0,0,0
1134.jpg,0,1,0,0,0,0,1,0,0
1135.jpg,0,0,1,0,0,0,0,0,0
1136.jpg,0,1,0,0,0,0,0,0,0
1137.jpg,0,0,0,0,0,0,0,0,0
1138.jpg,0,0,0,0,0,0,0,0,0
1139.jpg,0,0,0,0,1,0,0,0,0
1140.jpg,0,0,0,0,0,0,0,1,0
1141.jpg,1,0,0,0,0,0,0,0,0
1142.jpg,0,0,0,0,0,0,0,0,0
1143.jpg,0,1,0,0,0,0,0,0,0
1144.jpg,0,1,0,0,0,0,0,0,0
1145.jpg,0,1,1,0,0,0,0,0,0
1146.jpg,0,0,0,0,0,0,0,0,1
1147.jpg,0,1,0,0,0,0,0,0,0
1148.jpg,0,0,0,0,0,0,0,0,0
1149.jpg,0,1,1,0,0,0,0,0,0
1150.jpg,0,0,1,0,0,0,0,0,0
1151.jpg,0,1,0,0,0,0,0,0,0
1152.jpg,0,0,1,0,0,0,0,0,0
1153.jpg,0,1,0,0,0,0,0,0,0
1154.jpg,0,0,0,0,0,0,0,0,0
1155.jpg,0,0,1,0,0,0,0,0,0
1156.jpg,0,1,0,0,0,0,0,0,0
1157.jpg,1,0,0,0,0,0,0,0,0
1158.jpg,0,1,0,0,0,0,1,0,0
1159.jpg,0,0,0,0,0,0,0,1,0
1160.jpg,0,0,0,0,0,0,0,0,0
1161.jpg,1,0,0,0,0,0,0,0,0
1162.jpg,0,1,0,0,0,0,0,0,0
1163.jpg,0,0,0,0,0,0,0,1,0
1164.jpg,0,0,0,0,0,0,0,0,0
1165.jpg,1,0,0,0,0,0,1,0,0
1166.jpg,1,0,0,0,0,0,0,0,0
1167.jpg,1,0,0,0,0,0,0,1,0
1168.jpg,0,0,1,0,0,0,0,0,0
1169.jpg,0,1,1,0,0,0,0,0,0
1170.jpg,0,0,0,0,0,0,0,1,0
1171.jpg,1,0,1,0,0,0,0,0,0
1172.jpg,1,0,0,0,0,0,1,0,0
1173.jpg,0,0,0,0,0,0,0,1,0
1174.jpg,0,0,0,0,0,0,0,0,0
1175.jpg,1,0,0,0,0,0,0,0,0
1176.jpg,0,0,1,0,0,0,0,0,0
1177.jpg,0,0,1,0,0,0,0,0,0
1178.jpg,0,0,0,0,0,0,0,1,0
1179.jpg,0,0,1,0,0,0,0,0,0
1180.jpg,0,0,0,0,0,0,0,1,0
1181.jpg,0,0,0,0,0,0,0,1,0
1182.jpg,0,0,1,0,0,0,0,0,0
1183.jpg,0,0,1,0,0,0,0,0,0
1184.jpg,1,0,1,0,0,0,0,0,0
1185.jpg,1,0,0,0,0,0,0,1,0
1186.jpg,0,0,0,0,0,0,0,1,0
1187.jpg,0,0,0,0,0,0,0,1,0
1188.jpg,0,0,0,0,0,0,0,1,0
1189.jpg,0,0,0,0,1,0,0,0,0
1190.jpg,0,0,1,0,0,0,0,0,0
1191.jpg,1,0,0,0,0,0,0,0,0
1192.jpg,1,0,0,0,0,0,0,0,0
1193.jpg,1,0,0,0,0,0,0,1,0
1194.jpg,1,0,0,0,0,0,0,0,0
1195.jpg,1,0,0,0,0,0,0,0,0
1196.jpg,1,0,0,0,0,0,0,0,0
1197.jpg,1,0,0,0,0,0,0,0,0
1198.jpg,1,1,0,0,0,0,0,0,0
1199.jpg,1,0,0,0,0,0,0,0,0
1200.jpg,1,0,0,0,0,0,0,0,0
1201.jpg,0,0,0,0,1,0,0,0,0
1202.jpg,0,0,0,0,0,0,0,1,0
1203.jpg,0,0,1,0,0,0,0,0,0
1204.jpg,0,0,0,0,0,0,0,1,0
1205.jpg,0,0,0,0,0,0,0,0,0
1206.jpg,1,0,0,0,0,0,0,0,0
1207.jpg,0,0,0,0,0,0,0,0,0
1208.jpg,1,0,0,0,0,0,0,0,0
1209.jpg,1,0,0,0,0,0,0,0,0
1210.jpg,1,0,0,0,0,0,0,0,0
1211.jpg,0,0,0,0,0,0,0,0,0
1212.jpg,0,1,0,0,0,0,0,0,0
1213.jpg,0,0,0,0,0,0,0,0,0
1214.jpg,0,0,0,0,0,0,0,0,0
1215.jpg,0,0,0,0,0,0,0,0,0
1216.jpg,0,0,0,0,0,0,0,0,0
1217.jpg,0,1,1,0,0,0,0,0,0
1218.jpg,0,0,1,0,0,0,0,0,0
1219.jpg,0,0,0,0,0,0,0,0,0
1220.jpg,0,0,0,0,0,0,0,0,0
1221.jpg,1,0,0,0,0,0,0,0,0
1222.jpg,1,0,0,0,0,0,0,0,0
1223.jpg,0,0,0,0,0,0,0,0,0
1224.jpg,0,0,1,0,0,0,0,0,0
1225.jpg,0,0,0,0,0,0,0,0,0
1226.jpg,1,0,0,0,0,0,0,0,0
1227.jpg,0,0,0,0,0,0,1,0,0
1228.jpg,0,1,0,0,0,0,0,0,0
1229.jpg,0,0,1,0,0,0,0,0,0
1230.jpg,1,0,0,0,0,0,0,0,0
1231.jpg,1,0,0,0,0,0,0,0,0
1232.jpg,0,0,1,0,0,0,1,0,0
1233.jpg,0,0,0,0,0,0,0,0,0
1234.jpg,0,0,0,0,0,0,0,0,0
1235.jpg,0,1,0,0,0,0,0,0,0
1236.jpg,0,0,0,1,0,0,0,0,0
1237.jpg,0,1,0,0,0,0,0,0,0
1238.jpg,0,0,0,0,0,0,0,0,0
1239.jpg,0,0,1,0,0,0,1,0,0
1240.jpg,0,0,1,0,0,0,1,0,0
1241.jpg,1,0,0,0,0,0,0,0,0
1242.jpg,1,0,0,0,0,0,0,0,0
1243.jpg,1,1,0,0,0,0,0,0,0
1244.jpg,0,0,0,0,0,0,0,0,0
1245.jpg,0,0,0,0,0,0,0,0,0
1246.jpg,0,1,0,0,0,0,1,0,0
1247.jpg,0,0,0,0,0,0,0,0,0
1248.jpg,1,1,0,0,0,0,0,0,0
1249.jpg,0,1,0,0,0,0,0,0,0
1250.jpg,0,0,0,0,0,0,0,0,0
1251.jpg,1,1,0,0,0,0,0,0,0
1252.jpg,0,0,0,0,0,0,0,0,0
1253.jpg,1,0,1,0,0,0,0,0,0
1254.jpg,0,0,0,0,0,0,0,0,0
1255.jpg,1,1,1,0,0,0,0,0,0
1256.jpg,0,0,0,0,0,0,0,0,0
1257.jpg,0,0,0,0,0,0,0,0,0
1258.jpg,1,0,0,0,0,0,0,0,0
1259.jpg,0,1,0,0,0,0,0,0,0
1260.jpg,0,0,0,0,0,0,0,0,0
1261.jpg,0,0,0,0,0,0,0,0,0
1262.jpg,0,0,0,0,0,0,0,0,0
1263.jpg,0,0,0,0,0,0,0,0,0
1264.jpg,0,0,0,0,0,0,0,0,0
1265.jpg,0,0,0,0,0,0,0,0,0
1266.jpg,0,0,0,0,0,0,0,0,0
1267.jpg,0,0,0,0,0,0,0,0,0
1268.jpg,0,0,0,0,0,0,0,0,0
1269.jpg,0,0,0,0,0,0,0,0,0
1270.jpg,0,0,1,0,0,0,0,0,0
1271.jpg,0,0,0,0,0,0,0,0,0
1272.jpg,0,1,0,0,0,0,0,0,0
1273.jpg,0,0,0,0,0,0,0,0,0
1274.jpg,1,0,0,0,0,0,0,0,0
1275.jpg,0,1,0,0,0,0,0,0,0
1276.jpg,0,1,0,0,0,0,0,0,0
1277.jpg,0,0,0,0,0,0,0,0,0
1278.jpg,0,0,0,0,0,0,0,0,0
1279.jpg,1,0,0,0,0,0,0,0,0
1280.jpg,0,0,1,0,0,0,0,0,0
1281.jpg,0,0,0,0,0,0,0,0,0
1282.jpg,0,0,0,0,0,0,0,0,0
1283.jpg,0,0,0,0,0,0,0,0,0
1284.jpg,0,0,0,0,0,0,0,0,0
1285.jpg,0,0,0,0,0,0,0,0,0
1286.jpg,0,0,0,0,0,0,0,0,0
1287.jpg,0,0,1,0,0,0,0,0,0
1288.jpg,0,0,1,0,0,0,0,0,0
1289.jpg,0,0,0,0,0,0,0,0,0
1290.jpg,0,0,0,0,0,0,0,0,0
1291.jpg,0,0,0,0,0,0,0,0,0
1292.jpg,0,0,0,0,0,0,0,1,0
1293.jpg,0,0,1,0,0,0,0,0,0
1294.jpg,0,0,1,0,0,0,0,0,0
1295.jpg,0,0,0,0,0,0,0,0,0
1296.jpg,0,0,0,0,0,0,0,0,0
1297.jpg,0,0,0,0,0,0,0,0,1
1298.jpg,0,0,0,0,0,0,0,0,0
1299.jpg,0,0,0,0,0,0,0,0,0
1300.jpg,0,0,0,0,0,0,0,0,0
1301.jpg,0,0,0,0,0,0,0,0,0
1302.jpg,0,0,1,0,0,0,0,0,0
1303.jpg,0,0,0,0,0,0,0,0,0
1304.jpg,0,0,0,0,0,0,0,1,0
1305.jpg,0,1,0,0,0,0,0,0,0
1306.jpg,0,0,0,0,0,0,0,1,0
1307.jpg,0,0,0,0,0,0,0,0,0
1308.jpg,0,0,0,0,1,0,0,0,0
1309.jpg,0,0,0,0,1,0,0,0,1
1310.jpg,0,0,0,0,0,0,0,0,0
1311.jpg,0,0,0,0,0,0,0,0,0
1312.jpg,0,0,0,0,0,0,0,0,0
1313.jpg,0,0,0,0,1,0,0,1,0
1314.jpg,0,0,0,0,0,0,0,0,0
1315.jpg,1,0,0,0,0,0,0,0,0
1316.jpg,0,0,1,1,0,0,0,0,0
1317.jpg,0,0,0,0,0,0,0,0,0
1318.jpg,0,0,0,1,0,1,0,0,0
1319.jpg,0,0,0,0,0,0,0,0,0
1320.jpg,0,0,0,0,0,0,0,0,0
1321.jpg,1,1,0,0,0,0,0,0,0
1322.jpg,0,0,0,1,0,0,0,0,0
1323.jpg,0,0,0,0,0,0,0,1,0
1324.jpg,0,0,0,0,0,0,0,0,1
1325.jpg,0,0,0,0,0,0,0,1,0
1326.jpg,0,0,0,0,0,0,0,0,0
1327.jpg,0,0,0,0,0,0,0,0,1
1328.jpg,0,0,0,0,0,0,0,1,0
1329.jpg,1,0,0,0,0,0,0,0,0
1330.jpg,0,1,0,0,0,0,0,0,0
1331.jpg,0,0,0,0,0,0,0,0,0
1332.jpg,0,0,0,0,1,0,0,0,0
1333.jpg,0,1,0,0,0,0,0,0,0
1334.jpg,0,0,0,0,0,0,0,0,0
1335.jpg,0,0,0,0,0,0,0,1,0
1336.jpg,0,0,1,0,0,0,0,0,0
1337.jpg,0,0,0,0,0,0,0,0,0
1338.jpg,0,0,0,0,0,0,0,0,0
1339.jpg,0,0,0,0,0,0,0,0,0
1340.jpg,0,0,0,0,0,0,0,0,0
1341.jpg,0,0,0,0,0,0,0,1,0
1342.jpg,0,0,0,0,0,0,0,0,0
1343.jpg,0,0,1,0,0,0,0,0,0
1344.jpg,0,0,0,0,0,0,0,1,0
1345.jpg,0,0,1,0,0,0,0,0,0
1346.jpg,0,0,1,0,0,0,0,0,0
1347.jpg,0,0,0,0,0,0,0,0,0
1348.jpg,0,0,0,0,0,0,0,0,0
1349.jpg,0,0,0,0,0,0,0,0,0
1350.jpg,0,0,1,0,0,0,0,0,0
1351.jpg,0,0,0,0,0,0,0,0,0
1352.jpg,1,0,0,0,0,0,0,0,0
1353.jpg,0,0,0,0,0,0,0,0,0
1354.jpg,0,0,0,0,0,0,0,0,0
1355.jpg,0,0,0,0,0,0,0,0,0
1356.jpg,0,0,0,0,0,0,0,0,0
1357.jpg,0,0,0,0,0,0,0,0,1
1358.jpg,0,0,0,0,0,0,0,0,0
1359.jpg,0,0,0,0,0,0,0,0,0
1360.jpg,0,0,0,0,0,0,0,0,0
1361.jpg,0,0,0,0,0,0,0,0,1
1362.jpg,1,0,0,0,0,0,0,0,0
1363.jpg,0,0,1,0,0,0,0,0,0
1364.jpg,0,0,0,0,0,0,0,0,0
1365.jpg,1,0,0,0,0,0,0,0,0
1366.jpg,0,0,1,0,0,0,0,0,0
1367.jpg,0,0,1,0,0,0,0,0,0
1368.jpg,0,0,0,0,0,0,0,0,0
1369.jpg,0,0,0,0,0,0,0,0,0
1370.jpg,0,0,0,0,0,0,0,0,0
1371.jpg,0,0,1,0,0,0,0,0,0
1372.jpg,0,0,0,0,0,0,0,1,0
1373.jpg,1,0,0,0,0,0,0,0,0
1374.jpg,0,0,0,0,0,0,0,0,0
1375.jpg,0,0,0,0,0,0,0,0,0
1376.jpg,0,0,0,0,0,0,0,0,0
1377.jpg,0,0,0,0,0,0,0,0,0
1378.jpg,0,0,0,0,0,0,0,0,0
1379.jpg,1,0,0,0,0,0,0,0,0
1380.jpg,0,1,0,0,0,0,0,0,0
1381.jpg,0,0,0,0,0,0,0,0,0
1382.jpg,0,0,0,0,0,0,0,0,0
1383.jpg,0,0,0,0,0,0,0,0,0
1384.jpg,1,0,0,0,0,0,0,0,0
1385.jpg,0,1,0,0,0,0,0,0,0
1386.jpg,0,0,0,0,0,0,0,0,0
1387.jpg,1,0,0,0,0,0,0,0,0
1388.jpg,0,0,0,0,0,0,0,0,0
1389.jpg,0,0,0,0,0,0,0,0,0
1390.jpg,0,1,0,0,0,0,0,0,0
1391.jpg,0,0,0,0,0,0,0,0,0
1392.jpg,0,0,0,0,0,0,0,0,0
1393.jpg,0,0,0,0,0,0,0,0,0
1394.jpg,0,0,0,0,0,0,0,0,0
1395.jpg,0,0,1,0,0,0,0,0,0
1396.jpg,0,0,0,0,0,0,0,0,0
1397.jpg,0,0,0,1,1,0,0,0,0
1398.jpg,0,1,0,0,0,0,0,0,0
1399.jpg,0,0,0,0,0,0,0,0,0
1400.jpg,0,0,0,0,0,0,0,0,0
1401.jpg,1,0,0,0,0,0,0,0,0
1402.jpg,1,0,0,0,0,0,0,0,0
1403.jpg,0,1,0,0,0,0,0,0,0
1404.jpg,0,0,1,0,0,0,0,0,0
1405.jpg,0,0,0,0,1,0,0,0,0
1406.jpg,0,0,0,0,0,0,0,1,0
1407.jpg,0,1,1,0,1,0,0,0,0
1408.jpg,0,0,0,0,0,0,0,0,0
1409.jpg,0,0,0,0,0,0,0,0,0
1410.jpg,0,0,0,0,0,0,0,0,0
1411.jpg,0,0,1,0,0,0,0,0,0
1412.jpg,0,1,0,0,0,0,0,0,0
1413.jpg,0,0,0,0,0,0,0,0,0
1414.jpg,0,0,0,0,0,0,0,0,0
1415.jpg,0,1,0,0,0,0,1,0,0
1416.jpg,0,1,0,0,0,0,0,0,0
1417.jpg,0,1,0,0,0,0,0,0,0
1418.jpg,1,0,0,0,0,0,0,0,0
1419.jpg,0,0,0,0,0,0,0,0,0
1420.jpg,0,0,0,0,0,0,1,0,0
1421.jpg,0,1,0,0,0,0,0,0,0
1422.jpg,0,0,1,0,0,0,0,0,0
1423.jpg,0,1,0,0,0,0,0,0,0
1424.jpg,0,0,0,0,0,0,0,0,0
1425.jpg,0,0,0,0,0,0,0,0,0
1426.jpg,0,0,1,0,0,0,0,0,0
1427.jpg,0,0,1,0,0,0,0,0,0
1428.jpg,0,0,0,0,0,0,0,0,0
1429.jpg,0,0,1,0,0,0,0,0,0
1430.jpg,0,0,0,0,0,0,0,0,0
1431.jpg,0,0,1,0,0,0,0,0,0
1432.jpg,0,1,0,0,1,0,0,0,0
1433.jpg,0,0,0,0,0,0,0,0,0
1434.jpg,0,0,1,0,1,0,0,0,0
1435.jpg,0,1,0,0,0,0,0,0,0
1436.jpg,0,0,0,0,0,0,0,0,0
1437.jpg,0,0,0,0,1,0,0,0,0
1438.jpg,0,0,1,0,0,0,0,0,0
1439.jpg,0,0,0,0,0,0,0,0,0
1440.jpg,0,0,1,0,0,0,0,0,0
1441.jpg,0,0,1,0,0,0,0,0,0
1442.jpg,0,0,0,0,0,0,0,0,0
1443.jpg,0,1,1,0,0,0,0,0,0
1444.jpg,0,0,1,0,0,0,0,0,0
1445.jpg,0,0,0,0,0,0,0,0,0
1446.jpg,0,0,1,0,0,0,0,0,0
1447.jpg,0,1,0,0,0,0,0,0,0
1448.jpg,0,0,1,0,0,0,0,0,0
1449.jpg,1,0,0,0,0,0,0,0,0
1450.jpg,0,0,0,0,0,0,0,0,0